CREATE DATABASE  IF NOT EXISTS `etl_project` /*!40100 DEFAULT CHARACTER SET utf8mb4 COLLATE utf8mb4_0900_ai_ci */;
USE `etl_project`;
-- MySQL dump 10.13  Distrib 8.0.12, for Win64 (x86_64)
--
-- Host: 127.0.0.1    Database: etl_project
-- ------------------------------------------------------
-- Server version	8.0.12

/*!40101 SET @OLD_CHARACTER_SET_CLIENT=@@CHARACTER_SET_CLIENT */;
/*!40101 SET @OLD_CHARACTER_SET_RESULTS=@@CHARACTER_SET_RESULTS */;
/*!40101 SET @OLD_COLLATION_CONNECTION=@@COLLATION_CONNECTION */;
 SET NAMES utf8 ;
/*!40103 SET @OLD_TIME_ZONE=@@TIME_ZONE */;
/*!40103 SET TIME_ZONE='+00:00' */;
/*!40014 SET @OLD_UNIQUE_CHECKS=@@UNIQUE_CHECKS, UNIQUE_CHECKS=0 */;
/*!40014 SET @OLD_FOREIGN_KEY_CHECKS=@@FOREIGN_KEY_CHECKS, FOREIGN_KEY_CHECKS=0 */;
/*!40101 SET @OLD_SQL_MODE=@@SQL_MODE, SQL_MODE='NO_AUTO_VALUE_ON_ZERO' */;
/*!40111 SET @OLD_SQL_NOTES=@@SQL_NOTES, SQL_NOTES=0 */;

--
-- Table structure for table `college_list`
--

DROP TABLE IF EXISTS `college_list`;
/*!40101 SET @saved_cs_client     = @@character_set_client */;
 SET character_set_client = utf8mb4 ;
CREATE TABLE `college_list` (
  `college_list_id` int(11) NOT NULL AUTO_INCREMENT,
  `college_name` varchar(200) DEFAULT NULL,
  `college_city` varchar(100) DEFAULT NULL,
  `state_id` int(11) DEFAULT NULL,
  PRIMARY KEY (`college_list_id`),
  KEY `state_fk_idx` (`state_id`),
  CONSTRAINT `state_fk` FOREIGN KEY (`state_id`) REFERENCES `state` (`state_id`)
) ENGINE=InnoDB AUTO_INCREMENT=486 DEFAULT CHARSET=utf8mb4 COLLATE=utf8mb4_0900_ai_ci;
/*!40101 SET character_set_client = @saved_cs_client */;

--
-- Dumping data for table `college_list`
--

LOCK TABLES `college_list` WRITE;
/*!40000 ALTER TABLE `college_list` DISABLE KEYS */;
INSERT INTO `college_list` VALUES (1,'Princeton University','Princeton',25),(2,'Harvard University','Cambridge',34),(3,'University of Chicago','Chicago',14),(4,'Yale University','New Haven',7),(5,'Columbia University','New York',27),(6,'Massachusetts Institute of Technology','Cambridge',34),(7,'Stanford University','Stanford',5),(8,'University of Pennsylvania','Philadelphia',39),(9,'Duke University','Durham',28),(10,'California Institute of Technology','Pasadena',5),(11,'Dartmouth College','Hanover',24),(12,'Johns Hopkins University','Baltimore',33),(13,'Northwestern University','Evanston',14),(14,'Brown University','Providence',40),(15,'Cornell University','Ithaca',27),(16,'Rice University','Houston',44),(17,'Vanderbilt University','Nashville',43),(18,'University of Notre Dame','Notre Dame',15),(19,'Washington University in St. Louis','St. Louis',38),(20,'Georgetown University','Washington',9),(21,'Emory University','Atlanta',11),(22,'University of California--Berkeley','Berkeley',5),(23,'University of California--Los Angeles','Los Angeles',5),(24,'University of Southern California','Los Angeles',5),(25,'Carnegie Mellon University','Pittsburgh',39),(26,'University of Virginia','Charlottesville',47),(27,'Wake Forest University','Winston-Salem',28),(28,'University of Michigan--Ann Arbor','Ann Arbor',35),(29,'Tufts University','Medford',34),(30,'New York University','New York',27),(31,'University of North Carolina--Chapel Hill','Chapel Hill',28),(32,'Boston College','Chestnut Hill',34),(33,'College of William and Mary','Williamsburg',47),(34,'Brandeis University','Waltham',34),(35,'Georgia Institute of Technology','Atlanta',11),(36,'University of Rochester','Rochester',27),(37,'Boston University','Boston',34),(38,'Case Western Reserve University','Cleveland',30),(39,'University of California--Santa Barbara','Santa Barbara',5),(40,'Northeastern University','Boston',34),(41,'Tulane University','New Orleans',19),(42,'Rensselaer Polytechnic Institute','Troy',27),(43,'University of California--Irvine','Irvine',5),(44,'University of California--San Diego','La Jolla',5),(45,'University of Florida','Gainesville',10),(46,'Lehigh University','Bethlehem',39),(47,'Pepperdine University','Malibu',5),(48,'University of California--Davis','Davis',5),(49,'University of Miami','Coral Gables',10),(50,'University of Wisconsin--Madison','Madison',50),(51,'Villanova University','Villanova',39),(52,'Pennsylvania State University--University Park','University Park',39),(53,'University of Illinois--Urbana-Champaign','Champaign',14),(54,'Ohio State University--Columbus','Columbus',30),(55,'University of Georgia','Athens',11),(56,'George Washington University','Washington',9),(57,'Purdue University--West Lafayette','West Lafayette',15),(58,'University of Connecticut','Storrs',7),(59,'University of Texas--Austin','Austin',44),(60,'University of Washington','Seattle',48),(61,'Brigham Young University--Provo','Provo',45),(62,'Fordham University','New York',27),(63,'Southern Methodist University','Dallas',44),(64,'Syracuse University','Syracuse',27),(65,'University of Maryland--College Park','College Park',33),(66,'Worcester Polytechnic Institute','Worcester',34),(67,'Clemson University','Clemson',41),(68,'University of Pittsburgh','Pittsburgh',39),(69,'American University','Washington',9),(70,'Rutgers University--New Brunswick','Piscataway',25),(71,'Stevens Institute of Technology','Hoboken',25),(72,'Texas A&M University--College Station','College Station',44),(73,'University of Minnesota--Twin Cities','Minneapolis',36),(74,'Virginia Tech','Blacksburg',47),(75,'Baylor University','Waco',44),(76,'Colorado School of Mines','Golden',6),(77,'University of Massachusetts--Amherst','Amherst',34),(78,'Miami University--Oxford','Oxford',30),(79,'Texas Christian University','Fort Worth',44),(80,'University of Iowa','Iowa City',16),(81,'Clark University','Worcester',34),(82,'Florida State University','Tallahassee',10),(83,'Michigan State University','East Lansing',35),(84,'North Carolina State University--Raleigh','Raleigh',28),(85,'University of California--Santa Cruz','Santa Cruz',5),(86,'University of Delaware','Newark',8),(87,'Binghamton University--SUNY','Binghamton',27),(88,'University of Denver','Denver',6),(89,'University of Tulsa','Tulsa',31),(90,'Indiana University--Bloomington','Bloomington',15),(91,'Marquette University','Milwaukee',50),(92,'University of Colorado--Boulder','Boulder',6),(93,'University of San Diego','San Diego',5),(94,'Drexel University','Philadelphia',39),(95,'Saint Louis University','St. Louis',38),(96,'Yeshiva University','New York',27),(97,'Rochester Institute of Technology','Rochester',27),(98,'Stony Brook University--SUNY','Stony Brook',27),(99,'SUNY College of Environmental Science and Forestry','Syracuse',27),(100,'University at Buffalo--SUNY','Buffalo',27),(101,'University of Oklahoma','Norman',31),(102,'University of Vermont','Burlington',46),(103,'Auburn University','Auburn',1),(104,'Illinois Institute of Technology','Chicago',14),(105,'Loyola University Chicago','Chicago',14),(106,'University of New Hampshire','Durham',24),(107,'University of Oregon','Eugene',32),(108,'University of South Carolina','Columbia',41),(109,'University of Tennessee','Knoxville',43),(110,'Howard University','Washington',9),(111,'University of Alabama','Tuscaloosa',1),(112,'University of San Francisco','San Francisco',5),(113,'University of the Pacific','Stockton',5),(114,'University of Utah','Salt Lake City',45),(115,'Arizona State University--Tempe','Tempe',3),(116,'Iowa State University','Ames',16),(117,'Temple University','Philadelphia',39),(118,'University of Kansas','Lawrence',17),(119,'University of St. Thomas','St. Paul',36),(120,'The Catholic University of America','Washington',9),(121,'DePaul University','Chicago',14),(122,'Duquesne University','Pittsburgh',39),(123,'University of Missouri','Columbia',38),(124,'Clarkson University','Potsdam',27),(125,'Colorado State University','Fort Collins',6),(126,'Michigan Technological University','Houghton',35),(127,'Seton Hall University','South Orange',25),(128,'University of Arizona','Tucson',3),(129,'University of California--Riverside','Riverside',5),(130,'University of Dayton','Dayton',30),(131,'University of Nebraska--Lincoln','Lincoln',22),(132,'Hofstra University','Hempstead',27),(133,'Louisiana State University--Baton Rouge','Baton Rouge',19),(134,'Mercer University','Macon',11),(135,'The New School','New York',27),(136,'Rutgers University--Newark','Newark',25),(137,'University of Arkansas','Fayetteville',4),(138,'University of Cincinnati','Cincinnati',30),(139,'University of Kentucky','Lexington',18),(140,'George Mason University','Fairfax',47),(141,'New Jersey Institute of Technology','Newark',25),(142,'San Diego State University','San Diego',5),(143,'University of South Florida','Tampa',10),(144,'Washington State University','Pullman',48),(145,'Kansas State University','Manhattan',17),(146,'Oregon State University','Corvallis',32),(147,'St. John Fisher College','Rochester',27),(148,'University of Illinois--Chicago','Chicago',14),(149,'University of Mississippi','University',37),(150,'University of Texas--Dallas','Richardson',44),(151,'Adelphi University','Garden City',27),(152,'Florida Institute of Technology','Melbourne',10),(153,'Ohio University','Athens',30),(154,'Seattle Pacific University','Seattle',48),(155,'University at Albany--SUNY','Albany',27),(156,'Oklahoma State University','Stillwater',31),(157,'University of Massachusetts--Lowell','Lowell',34),(158,'University of Rhode Island','Kingston',40),(159,'Biola University','La Mirada',5),(160,'Illinois State University','Normal',14),(161,'University of Alabama--Birmingham','Birmingham',1),(162,'University of Hawaii--Manoa','Honolulu',12),(163,'University of La Verne','La Verne',5),(164,'University of Maryland--Baltimore County','Baltimore',33),(165,'Immaculata University','Immaculata',39),(166,'Maryville University of St. Louis','St Louis',38),(167,'Missouri University of Science & Technology','Rolla',38),(168,'St. John\'s University','Queens',27),(169,'University of California--Merced','Merced',5),(170,'University of Louisville','Louisville',18),(171,'Mississippi State University','Mississippi State',37),(172,'Rowan University','Glassboro',25),(173,'University of Central Florida','Orlando',10),(174,'University of Idaho','Moscow',13),(175,'Virginia Commonwealth University','Richmond',47),(176,'Kent State University','Kent',30),(177,'Robert Morris University','Moon Township',39),(178,'Texas Tech University','Lubbock',44),(179,'Union University','Jackson',43),(180,'University of Hartford','West Hartford',7),(181,'Edgewood College','Madison',50),(182,'Lesley University','Cambridge',34),(183,'Lipscomb University','Nashville',43),(184,'Suffolk University','Boston',34),(185,'University of Maine','Orono',20),(186,'University of Wyoming','Laramie',51),(187,'Azusa Pacific University','Azusa',5),(188,'Ball State University','Muncie',15),(189,'Montclair State University','Montclair',25),(190,'Pace University','New York',27),(191,'West Virginia University','Morgantown',49),(192,'Andrews University','Berrien Springs',35),(193,'Indiana University-Purdue University--Indianapolis','Indianapolis',15),(194,'University of Houston','Houston',44),(195,'University of New Mexico','Albuquerque',26),(196,'University of North Dakota','Grand Forks',29),(197,'Widener University','Chester',39),(198,'New Mexico State University','Las Cruces',26),(199,'North Dakota State University','Fargo',29),(200,'Nova Southeastern University','Ft. Lauderdale',10),(201,'University of North Carolina--Charlotte','Charlotte',28),(202,'Bowling Green State University','Bowling Green',30),(203,'California State University--Fullerton','Fullerton',5),(204,'Dallas Baptist University','Dallas',44),(205,'University of Massachusetts--Boston','Boston',34),(206,'University of Nevada--Reno','Reno',23),(207,'Central Michigan University','Mount Pleasant',35),(208,'East Carolina University','Greenville',28),(209,'Florida A&M University','Tallahassee',10),(210,'Montana State University','Bozeman',21),(211,'University of Alaska--Fairbanks','Fairbanks',2),(212,'University of Colorado--Denver','Denver',6),(213,'University of Massachusetts--Dartmouth','North Dartmouth',34),(214,'University of Montana','Missoula',21),(215,'Western Michigan University','Kalamazoo',35),(216,'Florida International University','Miami',10),(217,'Louisiana Tech University','Ruston',19),(218,'South Dakota State University','Brookings',42),(219,'Southern Illinois University--Carbondale','Carbondale',14),(220,'University of Alabama--Huntsville','Huntsville',1),(221,'University of Missouri--Kansas City','Kansas City',38),(222,'Utah State University','Logan',45),(223,'Ashland University','Ashland',30),(224,'Benedictine University','Lisle',14),(225,'California State University--Fresno','Fresno',5),(226,'Gardner-Webb University','Boiling Springs',28),(227,'Georgia State University','Atlanta',11),(228,'Shenandoah University','Winchester',47),(229,'University of South Dakota','Vermillion',42),(230,'Wayne State University','Detroit',35),(231,'American International College','Springfield',34),(232,'Augusta University','Augusta',11),(233,'Barry University','Miami Shores',10),(234,'Boise State University','Boise',13),(235,'Cardinal Stritch University','Milwaukee',50),(236,'Clark Atlanta University','Atlanta',11),(237,'Cleveland State University','Cleveland',30),(238,'Eastern Michigan University','Ypsilanti',35),(239,'East Tennessee State University','Johnson City',43),(240,'Florida Atlantic University','Boca Raton',10),(241,'Georgia Southern University','Statesboro',11),(242,'Grand Canyon University','Phoenix',3),(243,'Indiana State University','Terre Haute',15),(244,'Indiana University of Pennsylvania','Indiana',39),(245,'Jackson State University','Jackson',37),(246,'Kennesaw State University','Kennesaw',11),(247,'Lamar University','Beaumont',44),(248,'Liberty University','Lynchburg',47),(249,'Lindenwood University','St. Charles',38),(250,'Middle Tennessee State University','Murfreesboro',43),(251,'Morgan State University','Baltimore',33),(252,'National Louis University','Chicago',14),(253,'North Carolina A&T State University','Greensboro',28),(254,'Northern Arizona University','Flagstaff',3),(255,'Northern Illinois University','DeKalb',14),(256,'Oakland University','Rochester',35),(257,'Old Dominion University','Norfolk',47),(258,'Portland State University','Portland',32),(259,'Prairie View A&M University','Prairie View',44),(260,'Regent University','Virginia Beach',47),(261,'Sam Houston State University','Huntsville',44),(262,'San Francisco State University','San Francisco',5),(263,'Spalding University','Louisville',18),(264,'Tennessee State University','Nashville',43),(265,'Tennessee Technological University','Cookeville',43),(266,'Texas A&M University--Commerce','Commerce',44),(267,'Texas A&M University--Corpus Christi','Corpus Christi',44),(268,'Texas A&M University--Kingsville','Kingsville',44),(269,'Texas Southern University','Houston',44),(270,'Texas State University','San Marcos',44),(271,'Texas Woman\'s University','Denton',44),(272,'Trevecca Nazarene University','Nashville',43),(273,'Trinity International University','Deerfield',14),(274,'University of Akron','Akron',30),(275,'University of Arkansas--Little Rock','Little Rock',4),(276,'University of Louisiana--Lafayette','Lafayette',19),(277,'University of Louisiana--Monroe','Monroe',19),(278,'University of Maryland--Eastern Shore','Princess Anne',33),(279,'University of Memphis','Memphis',43),(280,'University of Missouri--St. Louis','St. Louis',38),(281,'University of Nebraska--Omaha','Omaha',22),(282,'University of Nevada--Las Vegas','Las Vegas',23),(283,'University of New Orleans','New Orleans',19),(284,'University of North Carolina--Greensboro','Greensboro',28),(285,'University of Northern Colorado','Greeley',6),(286,'University of North Texas','Denton',44),(287,'University of South Alabama','Mobile',1),(288,'University of Southern Mississippi','Hattiesburg',37),(289,'University of Texas--Arlington','Arlington',44),(290,'University of Texas--El Paso','El Paso',44),(291,'University of Texas--Rio Grande Valley','Edinburg',44),(292,'University of Texas--San Antonio','San Antonio',44),(293,'University of the Cumberlands','Williamsburg',18),(294,'University of Toledo','Toledo',30),(295,'University of West Florida','Pensacola',10),(296,'University of West Georgia','Carrollton',11),(297,'University of Wisconsin--Milwaukee','Milwaukee',50),(298,'Valdosta State University','Valdosta',11),(299,'Wichita State University','Wichita',17),(300,'Wright State University','Dayton',30),(301,'Alliant International University','San Diego',5),(302,'Argosy University','Orange',5),(303,'California Institute of Integral Studies','San Francisco',5),(304,'Capella University','Minneapolis',36),(305,'Idaho State University','Pocatello',13),(306,'Northcentral University','San Diego',3),(307,'Trident University International','Cypress',5),(308,'Union Institute and University','Cincinnati',30),(309,'University of Phoenix','Phoenix',3),(310,'Walden University','Minneapolis',36),(311,'Wilmington University','New Castle',8),(312,'Harvey Mudd College',NULL,NULL),(313,'Occidental College',NULL,NULL),(314,'Cal Poly San Luis Obispo',NULL,NULL),(315,'University of California at Los Angeles',NULL,NULL),(316,'Pomona College',NULL,NULL),(317,'San Jose State University',NULL,NULL),(318,'California State University--Chico',NULL,NULL),(319,'California State University--Long Beach',NULL,NULL),(320,'California State University--East Bay',NULL,NULL),(321,'California State University--Sacramento',NULL,NULL),(322,'California State University--Northridge',NULL,NULL),(323,'California State University--Dominguez Hills',NULL,NULL),(324,'California State University--Stanislaus',NULL,NULL),(325,'Humboldt State University',NULL,NULL),(326,'Thomas Aquinas College',NULL,NULL),(327,'New Mexico Institute of Mining and Technology',NULL,NULL),(328,'Brigham Young University',NULL,NULL),(329,'Arizona State University',NULL,NULL),(330,'Seattle University',NULL,NULL),(331,'University of Puget Sound',NULL,NULL),(332,'Colorado College',NULL,NULL),(333,'Reed College',NULL,NULL),(334,'Whitman College',NULL,NULL),(335,'Montana State University--Bozeman',NULL,NULL),(336,'Gonzaga University',NULL,NULL),(337,'University of Hawaii',NULL,NULL),(338,'Western Washington University',NULL,NULL),(339,'Regis University',NULL,NULL),(340,'University of Alaska--Anchorage',NULL,NULL),(341,'Lewis & Clark College',NULL,NULL),(342,'Eastern Washington University',NULL,NULL),(343,'Fort Lewis College',NULL,NULL),(344,'Utah Valley State College',NULL,NULL),(345,'Evergreen State College',NULL,NULL),(346,'Southern Utah University',NULL,NULL),(347,'Montana State University--Billings',NULL,NULL),(348,'University Of Chicago',NULL,NULL),(349,'Carleton College',NULL,NULL),(350,'University of Illinois at Urbana-Champaign',NULL,NULL),(351,'University of Missouri--Rolla',NULL,NULL),(352,'South Dakota School of Mines & Technology',NULL,NULL),(353,'University of Michigan',NULL,NULL),(354,'Purdue University',NULL,NULL),(355,'DePauw University',NULL,NULL),(356,'Bradley University',NULL,NULL),(357,'St. Olaf College',NULL,NULL),(358,'University of Minnesota',NULL,NULL),(359,'Ohio State University',NULL,NULL),(360,'Denison University',NULL,NULL),(361,'University of Illinois at Chicago',NULL,NULL),(362,'Oberlin College',NULL,NULL),(363,'University of Missouri--Columbia',NULL,NULL),(364,'University of Nebraska',NULL,NULL),(365,'Gustavus Adolphus College',NULL,NULL),(366,'University of Wisconsin--Platteville',NULL,NULL),(367,'Wittenberg University',NULL,NULL),(368,'Grinnell College',NULL,NULL),(369,'University of Wisconsin--Whitewater',NULL,NULL),(370,'Minnesota State University--Mankato',NULL,NULL),(371,'University of Nebraska at Omaha',NULL,NULL),(372,'Southern Illinois University Carbondale',NULL,NULL),(373,'St. Cloud State University',NULL,NULL),(374,'University of Wisconsin--Parkside',NULL,NULL),(375,'Missouri State University',NULL,NULL),(376,'University of Wisconsin--La Crosse',NULL,NULL),(377,'University of Wisconsin--Stout',NULL,NULL),(378,'Robert Morris College',NULL,NULL),(379,'University of Wisconsin--Oshkosh',NULL,NULL),(380,'University of Wisconsin--Eau Claire',NULL,NULL),(381,'Park University',NULL,NULL),(382,'University of Wisconsin--Stevens Point',NULL,NULL),(383,'University of Wisconsin--Green Bay',NULL,NULL),(384,'Indiana Wesleyan University',NULL,NULL),(385,'Pittsburg State University',NULL,NULL),(386,'Davenport University',NULL,NULL),(387,'Black Hills State University',NULL,NULL),(388,'Washington and Lee University',NULL,NULL),(389,'Davidson College',NULL,NULL),(390,'Texas A&M University',NULL,NULL),(391,'Virginia Polytechnic Institute and State University',NULL,NULL),(392,'University of Richmond',NULL,NULL),(393,'American University--Washington D.C.',NULL,NULL),(394,'Louisiana State University',NULL,NULL),(395,'Randolph-Macon College',NULL,NULL),(396,'North Carolina State University',NULL,NULL),(397,'University of Alabama at Huntsville',NULL,NULL),(398,'University of North Carolina at Chapel Hill',NULL,NULL),(399,'University of Alabama--Tuscaloosa',NULL,NULL),(400,'University of Texas at Arlington',NULL,NULL),(401,'University of Maryland Baltimore County',NULL,NULL),(402,'University of Louisiana at Lafayette',NULL,NULL),(403,'University of Arkansas--Monticello',NULL,NULL),(404,'University of North Carolina at Charlotte',NULL,NULL),(405,'LeTourneau University',NULL,NULL),(406,'University of Texas at El Paso',NULL,NULL),(407,'University of Texas at San Antonio',NULL,NULL),(408,'University of Alabama at Birmingham',NULL,NULL),(409,'Appalachian State University',NULL,NULL),(410,'Western Carolina University',NULL,NULL),(411,'Jacksonville University',NULL,NULL),(412,'University of North Carolina at Wilmington',NULL,NULL),(413,'Oklahoma City University',NULL,NULL),(414,'Arkansas State University',NULL,NULL),(415,'Tarleton State University',NULL,NULL),(416,'Morehead State University',NULL,NULL),(417,'Mississippi College',NULL,NULL),(418,'Austin Peay State University',NULL,NULL),(419,'Saint Leo University',NULL,NULL),(420,'Tusculum College',NULL,NULL),(421,'Virginia Wesleyan College',NULL,NULL),(422,'Lee University',NULL,NULL),(423,'Florida Metropolitan University',NULL,NULL),(424,'Polytechnic University of New York--Brooklyn',NULL,NULL),(425,'Cooper Union',NULL,NULL),(426,'Bucknell University',NULL,NULL),(427,'Colgate University',NULL,NULL),(428,'Amherst College',NULL,NULL),(429,'Lafayette College',NULL,NULL),(430,'Bowdoin College',NULL,NULL),(431,'College of the Holy Cross',NULL,NULL),(432,'Swarthmore College',NULL,NULL),(433,'Williams College',NULL,NULL),(434,'Wesleyan University',NULL,NULL),(435,'Wentworth Institute of Technology',NULL,NULL),(436,'Bates College',NULL,NULL),(437,'Binghamton University',NULL,NULL),(438,'Union College',NULL,NULL),(439,'Vassar College',NULL,NULL),(440,'Middlebury College',NULL,NULL),(441,'Mount Holyoke College',NULL,NULL),(442,'St. John\'s University--New York',NULL,NULL),(443,'Long Island University',NULL,NULL),(444,'Stony Brook University',NULL,NULL),(445,'Franklin and Marshall College',NULL,NULL),(446,'State University of New York at Albany',NULL,NULL),(447,'Rutgers University',NULL,NULL),(448,'Pratt Institute',NULL,NULL),(449,'Rider University',NULL,NULL),(450,'Providence College',NULL,NULL),(451,'Ithaca College',NULL,NULL),(452,'Colby College',NULL,NULL),(453,'Gettysburg College',NULL,NULL),(454,'Pennsylvania State University',NULL,NULL),(455,'Siena College',NULL,NULL),(456,'La Salle University',NULL,NULL),(457,'State University of New York at Farmingdale',NULL,NULL),(458,'Smith College',NULL,NULL),(459,'Hamilton College',NULL,NULL),(460,'Wellesley College',NULL,NULL),(461,'University of New Haven',NULL,NULL),(462,'Dowling College',NULL,NULL),(463,'State University of New York at Buffalo',NULL,NULL),(464,'State University of New York at Geneseo',NULL,NULL),(465,'Fashion Institute of Technology',NULL,NULL),(466,'Philadelphia University',NULL,NULL),(467,'Ursinus College',NULL,NULL),(468,'Juniata College',NULL,NULL),(469,'Fairleigh Dickinson University',NULL,NULL),(470,'State University of New York at Oswego',NULL,NULL),(471,'State University of New York at Oneonta',NULL,NULL),(472,'Quinnipiac University',NULL,NULL),(473,'State University of New York at Plattsburgh',NULL,NULL),(474,'Sacred Heart University',NULL,NULL),(475,'Skidmore College',NULL,NULL),(476,'Moravian College',NULL,NULL),(477,'Penn State--Harrisburg',NULL,NULL),(478,'Fitchburg State College',NULL,NULL),(479,'Roger Williams University',NULL,NULL),(480,'University Of Maine',NULL,NULL),(481,'State University of New York at Potsdam',NULL,NULL),(482,'Niagara University',NULL,NULL),(483,'State University of New York at Fredonia',NULL,NULL),(484,'University of Southern Maine',NULL,NULL),(485,'Mercy College',NULL,NULL);
/*!40000 ALTER TABLE `college_list` ENABLE KEYS */;
UNLOCK TABLES;

--
-- Table structure for table `rankings`
--

DROP TABLE IF EXISTS `rankings`;
/*!40101 SET @saved_cs_client     = @@character_set_client */;
 SET character_set_client = utf8mb4 ;
CREATE TABLE `rankings` (
  `rankings_id` int(11) NOT NULL AUTO_INCREMENT,
  `ranking_number` int(11) DEFAULT NULL,
  `ranking_year` varchar(45) DEFAULT NULL,
  `college_list_id` int(11) NOT NULL,
  PRIMARY KEY (`rankings_id`),
  KEY `college_list_id_fk_idx` (`college_list_id`),
  CONSTRAINT `college_list_id_fk` FOREIGN KEY (`college_list_id`) REFERENCES `college_list` (`college_list_id`)
) ENGINE=InnoDB AUTO_INCREMENT=312 DEFAULT CHARSET=utf8mb4 COLLATE=utf8mb4_0900_ai_ci;
/*!40101 SET character_set_client = @saved_cs_client */;

--
-- Dumping data for table `rankings`
--

LOCK TABLES `rankings` WRITE;
/*!40000 ALTER TABLE `rankings` DISABLE KEYS */;
INSERT INTO `rankings` VALUES (1,1,'2017',1),(2,2,'2017',2),(3,3,'2017',3),(4,3,'2017',4),(5,5,'2017',5),(6,5,'2017',6),(7,5,'2017',7),(8,8,'2017',8),(9,9,'2017',9),(10,10,'2017',10),(11,11,'2017',11),(12,11,'2017',12),(13,11,'2017',13),(14,14,'2017',14),(15,14,'2017',15),(16,14,'2017',16),(17,14,'2017',17),(18,18,'2017',18),(19,18,'2017',19),(20,20,'2017',20),(21,21,'2017',21),(22,21,'2017',22),(23,21,'2017',23),(24,21,'2017',24),(25,25,'2017',25),(26,25,'2017',26),(27,27,'2017',27),(28,28,'2017',28),(29,29,'2017',29),(30,30,'2017',30),(31,30,'2017',31),(32,32,'2017',32),(33,32,'2017',33),(34,34,'2017',34),(35,34,'2017',35),(36,34,'2017',36),(37,37,'2017',37),(38,37,'2017',38),(39,37,'2017',39),(40,40,'2017',40),(41,40,'2017',41),(42,42,'2017',42),(43,42,'2017',43),(44,42,'2017',44),(45,42,'2017',45),(46,46,'2017',46),(47,46,'2017',47),(48,46,'2017',48),(49,46,'2017',49),(50,46,'2017',50),(51,46,'2017',51),(52,52,'2017',52),(53,52,'2017',53),(54,54,'2017',54),(55,54,'2017',55),(56,56,'2017',56),(57,56,'2017',57),(58,56,'2017',58),(59,56,'2017',59),(60,56,'2017',60),(61,61,'2017',61),(62,61,'2017',62),(63,61,'2017',63),(64,61,'2017',64),(65,61,'2017',65),(66,61,'2017',66),(67,67,'2017',67),(68,68,'2017',68),(69,69,'2017',69),(70,69,'2017',70),(71,69,'2017',71),(72,69,'2017',72),(73,69,'2017',73),(74,69,'2017',74),(75,75,'2017',75),(76,75,'2017',76),(77,75,'2017',77),(78,78,'2017',78),(79,78,'2017',79),(80,78,'2017',80),(81,81,'2017',81),(82,81,'2017',82),(83,81,'2017',83),(84,81,'2017',84),(85,81,'2017',85),(86,81,'2017',86),(87,87,'2017',87),(88,87,'2017',88),(89,87,'2017',89),(90,90,'2017',90),(91,90,'2017',91),(92,90,'2017',92),(93,90,'2017',93),(94,94,'2017',94),(95,94,'2017',95),(96,94,'2017',96),(97,97,'2017',97),(98,97,'2017',98),(99,97,'2017',99),(100,97,'2017',100),(101,97,'2017',101),(102,97,'2017',102),(103,103,'2017',103),(104,103,'2017',104),(105,103,'2017',105),(106,103,'2017',106),(107,103,'2017',107),(108,103,'2017',108),(109,103,'2017',109),(110,110,'2017',110),(111,110,'2017',111),(112,110,'2017',112),(113,110,'2017',113),(114,110,'2017',114),(115,115,'2017',115),(116,115,'2017',116),(117,115,'2017',117),(118,115,'2017',118),(119,115,'2017',119),(120,120,'2017',120),(121,120,'2017',121),(122,120,'2017',122),(123,120,'2017',123),(124,124,'2017',124),(125,124,'2017',125),(126,124,'2017',126),(127,124,'2017',127),(128,124,'2017',128),(129,124,'2017',129),(130,124,'2017',130),(131,124,'2017',131),(132,132,'2017',132),(133,133,'2017',133),(134,133,'2017',134),(135,133,'2017',135),(136,133,'2017',136),(137,133,'2017',137),(138,133,'2017',138),(139,133,'2017',139),(140,140,'2017',140),(141,140,'2017',141),(142,140,'2017',142),(143,140,'2017',143),(144,140,'2017',144),(145,145,'2017',145),(146,145,'2017',146),(147,145,'2017',147),(148,145,'2017',148),(149,145,'2017',149),(150,145,'2017',150),(151,151,'2017',151),(152,151,'2017',152),(153,151,'2017',153),(154,151,'2017',154),(155,151,'2017',155),(156,156,'2017',156),(157,156,'2017',157),(158,156,'2017',158),(159,159,'2017',159),(160,159,'2017',160),(161,159,'2017',161),(162,159,'2017',162),(163,159,'2017',163),(164,159,'2017',164),(165,165,'2017',165),(166,165,'2017',166),(167,165,'2017',167),(168,165,'2017',168),(169,165,'2017',169),(170,165,'2017',170),(171,171,'2017',171),(172,171,'2017',172),(173,171,'2017',173),(174,171,'2017',174),(175,171,'2017',175),(176,176,'2017',176),(177,176,'2017',177),(178,176,'2017',178),(179,176,'2017',179),(180,176,'2017',180),(181,181,'2017',181),(182,181,'2017',182),(183,181,'2017',183),(184,181,'2017',184),(185,181,'2017',185),(186,181,'2017',186),(187,187,'2017',187),(188,187,'2017',188),(189,187,'2017',189),(190,187,'2017',190),(191,187,'2017',191),(192,192,'2017',192),(193,192,'2017',193),(194,192,'2017',194),(195,192,'2017',195),(196,192,'2017',196),(197,192,'2017',197),(198,198,'2017',198),(199,198,'2017',199),(200,198,'2017',200),(201,198,'2017',201),(202,202,'2017',202),(203,202,'2017',203),(204,202,'2017',204),(205,202,'2017',205),(206,202,'2017',206),(207,207,'2017',207),(208,207,'2017',208),(209,207,'2017',209),(210,207,'2017',210),(211,207,'2017',211),(212,207,'2017',212),(213,207,'2017',213),(214,207,'2017',214),(215,207,'2017',215),(216,216,'2017',216),(217,216,'2017',217),(218,216,'2017',218),(219,216,'2017',219),(220,216,'2017',220),(221,216,'2017',221),(222,216,'2017',222),(223,223,'2017',223),(224,223,'2017',224),(225,223,'2017',225),(226,223,'2017',226),(227,223,'2017',227),(228,223,'2017',228),(229,223,'2017',229),(230,223,'2017',230),(231,-1,'2017',231),(232,-1,'2017',232),(233,-1,'2017',233),(234,-1,'2017',234),(235,-1,'2017',235),(236,-1,'2017',236),(237,-1,'2017',237),(238,-1,'2017',238),(239,-1,'2017',239),(240,-1,'2017',240),(241,-1,'2017',241),(242,-1,'2017',242),(243,-1,'2017',243),(244,-1,'2017',244),(245,-1,'2017',245),(246,-1,'2017',246),(247,-1,'2017',247),(248,-1,'2017',248),(249,-1,'2017',249),(250,-1,'2017',250),(251,-1,'2017',251),(252,-1,'2017',252),(253,-1,'2017',253),(254,-1,'2017',254),(255,-1,'2017',255),(256,-1,'2017',256),(257,-1,'2017',257),(258,-1,'2017',258),(259,-1,'2017',259),(260,-1,'2017',260),(261,-1,'2017',261),(262,-1,'2017',262),(263,-1,'2017',263),(264,-1,'2017',264),(265,-1,'2017',265),(266,-1,'2017',266),(267,-1,'2017',267),(268,-1,'2017',268),(269,-1,'2017',269),(270,-1,'2017',270),(271,-1,'2017',271),(272,-1,'2017',272),(273,-1,'2017',273),(274,-1,'2017',274),(275,-1,'2017',275),(276,-1,'2017',276),(277,-1,'2017',277),(278,-1,'2017',278),(279,-1,'2017',279),(280,-1,'2017',280),(281,-1,'2017',281),(282,-1,'2017',282),(283,-1,'2017',283),(284,-1,'2017',284),(285,-1,'2017',285),(286,-1,'2017',286),(287,-1,'2017',287),(288,-1,'2017',288),(289,-1,'2017',289),(290,-1,'2017',290),(291,-1,'2017',291),(292,-1,'2017',292),(293,-1,'2017',293),(294,-1,'2017',294),(295,-1,'2017',295),(296,-1,'2017',296),(297,-1,'2017',297),(298,-1,'2017',298),(299,-1,'2017',299),(300,-1,'2017',300),(301,-2,'2017',301),(302,-2,'2017',302),(303,-2,'2017',303),(304,-2,'2017',304),(305,-2,'2017',305),(306,-2,'2017',306),(307,-2,'2017',307),(308,-2,'2017',308),(309,-2,'2017',309),(310,-2,'2017',310),(311,-2,'2017',311);
/*!40000 ALTER TABLE `rankings` ENABLE KEYS */;
UNLOCK TABLES;

--
-- Table structure for table `salary_region`
--

DROP TABLE IF EXISTS `salary_region`;
/*!40101 SET @saved_cs_client     = @@character_set_client */;
 SET character_set_client = utf8mb4 ;
CREATE TABLE `salary_region` (
  `salary_region_id` int(11) NOT NULL AUTO_INCREMENT,
  `college_list_id` int(11) NOT NULL,
  `starting_median` float DEFAULT NULL,
  `mid_career_median` float DEFAULT NULL,
  `percentile_ten` float DEFAULT NULL,
  `percentile_twenty_five` float DEFAULT NULL,
  `percentile_seventy_five` float DEFAULT NULL,
  `perecentie_ninety` float DEFAULT NULL,
  PRIMARY KEY (`salary_region_id`),
  KEY `college_list_id_fk_idx` (`college_list_id`),
  CONSTRAINT `college_list_salaray_region_id_fk` FOREIGN KEY (`college_list_id`) REFERENCES `college_list` (`college_list_id`)
) ENGINE=InnoDB AUTO_INCREMENT=321 DEFAULT CHARSET=utf8mb4 COLLATE=utf8mb4_0900_ai_ci;
/*!40101 SET character_set_client = @saved_cs_client */;

--
-- Dumping data for table `salary_region`
--

LOCK TABLES `salary_region` WRITE;
/*!40000 ALTER TABLE `salary_region` DISABLE KEYS */;
INSERT INTO `salary_region` VALUES (1,7,70400,129000,68400,93100,184000,257000),(2,10,75500,123000,0,104000,161000,0),(3,312,71800,122000,0,96000,180000,0),(4,22,59900,112000,59500,81000,149000,201000),(5,313,51900,105000,0,54800,157000,0),(6,314,57200,101000,55000,74700,133000,178000),(7,315,52600,101000,51300,72500,139000,193000),(8,44,51100,101000,51700,75400,131000,177000),(9,316,48600,101000,0,63300,161000,0),(10,24,54800,99600,49700,73800,140000,201000),(11,48,52300,99600,52000,71600,135000,202000),(12,43,48300,96700,47800,66000,123000,172000),(13,317,53500,95600,50700,70500,122000,156000),(14,39,50500,95000,51300,71200,129000,173000),(15,318,47400,88100,46800,62800,122000,154000),(16,203,45700,87000,45400,62500,119000,158000),(17,262,47300,86400,45100,62700,114000,150000),(18,142,46200,85200,45500,61800,116000,158000),(19,319,45100,84700,47400,62500,113000,154000),(20,320,49200,84300,46000,62400,115000,155000),(21,85,44700,84100,46100,62000,121000,165000),(22,321,47800,82400,42900,59600,111000,154000),(23,129,46800,81300,37200,59900,109000,134000),(24,322,45500,80400,44500,57800,108000,153000),(25,323,42700,72100,30800,47000,92200,132000),(26,324,38000,71400,0,50500,94100,0),(27,325,42600,71300,36000,56300,94400,117000),(28,326,41500,67500,0,44600,93100,0),(29,76,58100,106000,62200,87900,142000,201000),(30,92,47100,97600,51600,69000,128000,187000),(31,327,51000,93400,0,67400,123000,0),(32,328,49400,88600,50600,68500,119000,164000),(33,128,47500,86100,44800,61700,117000,160000),(34,60,48800,85300,47000,59800,115000,149000),(35,144,45300,84700,43600,59000,113000,162000),(36,212,46100,84400,46400,58600,105000,144000),(37,329,47400,84100,44600,60700,114000,163000),(38,146,45100,83300,46900,64000,113000,146000),(39,114,45400,83200,43000,58400,116000,148000),(40,206,46500,82900,41900,54600,113000,143000),(41,330,48300,82800,50600,62400,110000,150000),(42,174,44900,82000,43000,56700,104000,142000),(43,195,41600,81600,41800,59100,105000,141000),(44,331,46600,81500,48900,60100,104000,137000),(45,332,38500,81400,0,43000,148000,0),(46,333,40500,81100,0,67400,101000,0),(47,334,43500,80100,0,64800,111000,0),(48,198,44300,79500,37400,53800,102000,131000),(49,125,44800,79000,43800,57100,112000,150000),(50,186,44500,78700,41500,54000,105000,145000),(51,222,43800,78700,41600,55400,101000,132000),(52,107,42200,78400,38100,56200,117000,186000),(53,335,46600,77500,40200,58100,111000,151000),(54,336,44900,76000,47000,57400,103000,138000),(55,337,43800,76000,40400,56300,104000,128000),(56,338,42700,75400,41300,56700,99200,119000),(57,339,48300,73800,41000,55500,94800,117000),(58,305,44900,73400,35400,49600,101000,143000),(59,340,45900,72600,39800,56600,99300,137000),(60,341,38900,72600,38200,53400,104000,140000),(61,214,37300,71900,37000,51500,96400,138000),(62,282,45200,71600,39000,52400,100000,128000),(63,258,42600,70900,40700,52300,94400,123000),(64,342,38600,70900,36000,50500,93100,117000),(65,343,42000,69800,0,55000,94000,0),(66,234,40800,69500,37400,48700,87500,110000),(67,344,42400,67100,0,44100,84900,0),(68,345,39500,63900,38800,47200,91600,120000),(69,346,41900,56500,0,39700,78400,0),(70,347,37900,50600,0,31800,78500,0),(71,18,56300,116000,66400,85100,163000,235000),(72,348,53400,113000,62200,83300,174000,255000),(73,349,47500,103000,0,69400,141000,0),(74,104,56000,97800,56100,77400,121000,165000),(75,38,56200,96500,54900,76500,123000,168000),(76,350,52900,96100,48200,68900,132000,177000),(77,13,52700,95900,51900,69100,144000,205000),(78,351,57100,95800,67600,80400,122000,166000),(79,352,55800,93400,71500,81900,122000,147000),(80,353,52700,93000,50900,69400,128000,182000),(81,354,51400,90500,49900,67400,121000,168000),(82,91,48500,88400,49500,67400,121000,184000),(83,355,41400,88200,49500,57400,133000,185000),(84,50,48900,87800,47400,62400,118000,170000),(85,356,47000,87300,45900,64900,113000,151000),(86,357,45300,86200,41300,61000,120000,185000),(87,83,46300,85300,44200,61500,119000,170000),(88,121,46400,84800,50300,63900,115000,160000),(89,116,45400,84600,44400,60000,109000,147000),(90,358,46200,84200,49000,63200,112000,148000),(91,90,46300,84000,43600,60400,119000,178000),(92,80,44700,83900,43300,61100,116000,163000),(93,359,44900,83700,45500,60700,116000,162000),(94,360,42000,83500,0,62100,122000,0),(95,361,47500,81700,44700,58800,110000,146000),(96,362,43400,81600,0,46400,128000,0),(97,118,42400,81600,44800,57200,115000,156000),(98,363,41700,81000,43500,57100,111000,156000),(99,364,45700,80900,42200,56600,113000,156000),(100,255,43600,80800,43900,60200,111000,161000),(101,365,44500,80600,0,49300,101000,0),(102,196,44000,80600,43400,56400,111000,157000),(103,145,43300,79000,37200,54100,106000,138000),(104,366,45800,78500,48400,61200,100000,139000),(105,367,39200,78200,0,54100,131000,0),(106,199,45100,77800,39000,55800,100000,123000),(107,368,42600,76600,0,65100,116000,0),(108,230,42800,76100,40100,56200,101000,139000),(109,294,43100,75900,40100,54100,100000,133000),(110,369,40800,75500,38200,53500,99300,150000),(111,370,43300,74700,39500,53800,95700,140000),(112,297,42300,74600,40600,54000,93700,123000),(113,215,42300,73800,40100,52500,103000,135000),(114,218,41100,73500,34100,49900,99400,129000),(115,153,42200,73400,36600,52800,106000,150000),(116,160,42000,73400,39100,55200,105000,142000),(117,237,43500,73100,39500,51600,97000,137000),(118,371,41500,72600,39500,54400,97400,126000),(119,372,43000,72500,38300,51300,99300,139000),(120,238,40300,72100,37900,52800,95400,135000),(121,202,39800,72100,38200,51800,101000,146000),(122,373,41800,71400,38700,49400,101000,126000),(123,374,40700,71400,40900,53100,84900,119000),(124,274,41100,70300,40600,53300,95200,127000),(125,375,36100,69500,33300,46900,102000,134000),(126,376,42200,69300,37500,47200,93100,133000),(127,377,43600,68300,40900,50600,91600,136000),(128,378,38500,68200,37300,47100,95000,128000),(129,280,41400,67100,36800,49600,97600,144000),(130,379,39300,66400,37700,49700,90100,138000),(131,221,38900,65800,36300,48100,95800,124000),(132,380,41400,64800,35000,47300,93100,125000),(133,188,39100,64500,35500,48200,89300,128000),(134,381,44300,64300,37200,45600,86400,113000),(135,382,39800,64000,38400,45100,95400,128000),(136,176,38700,62600,36100,45800,87000,124000),(137,383,35800,60600,35500,46800,81800,102000),(138,384,39800,58500,39600,47800,78600,93400),(139,385,40400,58200,25600,46000,84600,117000),(140,386,39700,46600,31600,38100,65600,85700),(141,387,35300,43900,0,32200,60900,0),(142,16,64000,110000,55900,82100,141000,216000),(143,20,55000,110000,60300,85800,174000,248000),(144,9,58900,106000,56000,77400,149000,218000),(145,35,58300,106000,67200,85200,137000,183000),(146,388,53600,104000,0,82800,146000,0),(147,17,51200,104000,49900,68100,147000,222000),(148,389,46100,104000,0,70500,146000,0),(149,26,52700,103000,52200,71800,146000,215000),(150,56,47000,97900,48400,69600,132000,194000),(151,390,49700,96100,51100,71300,131000,171000),(152,41,49100,95800,46500,64400,134000,185000),(153,391,53500,95400,50600,71400,124000,163000),(154,65,52000,95000,50400,68300,126000,166000),(155,392,48600,94600,44500,59400,151000,211000),(156,59,49700,93900,50100,67400,129000,188000),(157,21,52000,91600,52500,63300,128000,192000),(158,393,45300,90800,45200,62400,134000,169000),(159,89,42400,88700,42300,60300,120000,197000),(160,75,48300,88600,46300,60700,130000,200000),(161,45,47100,87900,45400,62900,120000,172000),(162,394,46900,87800,43700,61300,120000,165000),(163,140,47800,86900,51300,67200,114000,150000),(164,67,48400,86000,50500,61800,111000,150000),(165,55,44100,86000,43100,57800,118000,164000),(166,103,45400,84700,45400,62700,109000,145000),(167,86,45900,84500,44500,64000,119000,165000),(168,395,42600,83600,0,54100,123000,0),(169,396,47200,83300,49200,64800,112000,153000),(170,101,44700,82900,41200,60300,114000,167000),(171,137,44100,82800,43200,60700,113000,160000),(172,397,43100,82700,46100,67800,106000,132000),(173,110,46900,81800,43300,60000,109000,138000),(174,398,42900,81500,43400,57500,117000,155000),(175,399,41300,81400,40100,56500,117000,161000),(176,400,45400,80800,46400,61200,106000,138000),(177,156,42800,80700,40100,56500,114000,151000),(178,265,46200,80000,42100,62600,99500,121000),(179,194,46000,79900,42000,56200,106000,141000),(180,149,41400,79700,40400,53500,108000,186000),(181,247,46500,79400,38700,51600,114000,158000),(182,171,44500,79300,43300,58800,108000,151000),(183,139,42800,78300,43000,57300,107000,149000),(184,79,45100,78100,42600,56600,122000,183000),(185,191,43100,78100,39700,55700,106000,141000),(186,401,47000,77800,46900,59100,105000,130000),(187,402,41100,76300,42000,54500,107000,163000),(188,216,43200,75500,40500,55800,98200,136000),(189,109,43800,74600,41900,53200,106000,153000),(190,403,39200,74500,0,46100,110000,0),(191,404,43100,74000,38200,53200,99500,133000),(192,227,41800,74000,43000,55300,99900,145000),(193,405,49500,73800,41200,52700,95200,126000),(194,82,42100,73000,39600,52800,107000,156000),(195,406,43400,72100,37700,50400,99500,133000),(196,173,42600,71700,39500,51500,98400,125000),(197,108,40000,71700,36300,49900,98400,131000),(198,240,42600,71100,40700,53000,99500,137000),(199,143,41100,71100,39600,51500,98100,131000),(200,407,42500,70700,39100,49800,92700,121000),(201,408,39200,70100,43000,53400,91400,125000),(202,279,41400,69700,36100,49100,93500,127000),(203,409,40400,69100,37200,50400,90800,115000),(204,175,42000,68400,37400,51900,100000,123000),(205,208,40200,67500,38400,52000,98700,151000),(206,410,36900,66600,39000,49500,94400,133000),(207,411,46700,66200,36700,47200,88500,121000),(208,412,37500,64400,32100,46600,97100,129000),(209,413,40000,64300,0,45400,80600,0),(210,414,38700,63300,33600,45300,83900,118000),(211,415,40800,62400,32100,47400,80400,126000),(212,416,34800,60600,34300,46500,72000,91300),(213,417,35400,60400,0,43900,80400,0),(214,204,39400,60200,38500,50300,81800,98100),(215,418,37700,59200,32200,40500,73900,96200),(216,419,40900,57800,34400,41800,80600,113000),(217,420,36900,55500,36200,43000,87300,124000),(218,421,34600,54900,0,37100,88900,0),(219,422,34500,53900,0,44500,76800,0),(220,423,36600,51000,32800,36800,70400,102000),(221,11,58000,134000,63100,90200,234000,321000),(222,1,66500,131000,68900,100000,190000,261000),(223,6,72200,126000,76800,99200,168000,220000),(224,4,59100,126000,58000,80600,198000,326000),(225,2,63400,124000,54800,86200,179000,288000),(226,8,60900,120000,55900,79200,192000,282000),(227,424,62400,114000,66800,94300,143000,190000),(228,425,62200,114000,0,80200,142000,0),(229,66,61000,114000,80000,91200,137000,180000),(230,25,61800,111000,63300,80100,150000,209000),(231,42,61100,110000,71600,85500,140000,182000),(232,15,60300,110000,56800,79800,160000,210000),(233,426,54100,110000,62800,80600,156000,251000),(234,14,56200,109000,55400,74400,159000,228000),(235,427,52800,108000,60000,76700,167000,265000),(236,5,59400,107000,50300,71900,161000,241000),(237,428,54500,107000,0,84900,162000,0),(238,429,53900,107000,70600,79300,144000,204000),(239,430,48100,107000,0,74600,146000,0),(240,431,50200,106000,0,65600,143000,0),(241,71,60600,105000,68700,81900,138000,185000),(242,46,59200,105000,69500,85000,160000,229000),(243,432,49700,104000,0,67200,167000,0),(244,32,52700,103000,48900,70000,143000,195000),(245,433,51700,102000,0,76400,143000,0),(246,51,55800,101000,56800,76200,156000,226000),(247,62,47800,99900,48600,65900,142000,198000),(248,434,46500,97900,42000,62500,126000,215000),(249,435,53000,96700,55200,74000,117000,153000),(250,436,47300,96500,0,60700,162000,0),(251,437,53600,95900,50900,71200,146000,201000),(252,438,47200,95800,48700,75200,135000,230000),(253,30,50300,95600,47500,65000,142000,216000),(254,439,46000,94600,0,60600,123000,0),(255,440,47700,94200,0,69100,129000,0),(256,441,42400,94200,0,57100,131000,0),(257,37,49000,93900,48000,64900,130000,193000),(258,94,53400,93500,54900,72500,122000,161000),(259,442,48000,93400,48000,65400,124000,181000),(260,443,47300,93200,46300,62100,122000,169000),(261,444,49500,93000,47200,67100,129000,181000),(262,445,49100,92800,0,55800,185000,0),(263,132,46800,92700,48900,67000,135000,189000),(264,446,44500,92200,47000,63100,135000,209000),(265,447,50300,91800,48100,65100,128000,176000),(266,448,43800,89900,48600,65400,123000,155000),(267,190,53200,89700,44200,65400,129000,187000),(268,127,48900,89200,55700,70600,133000,195000),(269,449,43600,88900,47100,63100,127000,150000),(270,58,48000,88800,46100,66400,120000,162000),(271,450,48000,88600,42800,62900,138000,194000),(272,77,46600,88200,43100,61300,122000,168000),(273,451,42700,87400,50200,62400,128000,174000),(274,157,45400,86600,50900,65000,113000,158000),(275,40,50500,86400,47100,62700,117000,159000),(276,64,45700,85900,46400,59400,119000,178000),(277,452,46400,85800,0,63500,129000,0),(278,453,44700,85800,0,66300,132000,0),(279,454,49900,85700,46300,62000,117000,160000),(280,158,43900,85300,45400,60100,112000,157000),(281,455,45500,85200,38700,58400,129000,189000),(282,456,43400,84700,45300,57500,106000,151000),(283,97,48900,84600,45000,62100,112000,159000),(284,122,40700,84400,42600,59500,107000,131000),(285,457,47300,84200,50200,59800,110000,162000),(286,458,44000,83900,45100,59800,129000,184000),(287,459,49200,83700,0,51900,123000,0),(288,460,42800,83500,0,58600,125000,0),(289,197,52900,83400,42600,61400,106000,138000),(290,461,44400,82900,48500,66100,113000,157000),(291,462,41100,82800,46500,60600,117000,142000),(292,102,44800,82700,44700,58000,122000,194000),(293,463,46200,81700,45900,61400,110000,147000),(294,464,42300,81300,39300,47600,117000,173000),(295,465,42800,81000,38800,60500,106000,138000),(296,466,45100,80300,45800,61900,108000,141000),(297,467,42100,80000,35600,54300,100000,160000),(298,151,40600,79200,44200,54800,114000,160000),(299,468,41800,78900,0,67200,110000,0),(300,469,45700,78700,40200,56300,112000,171000),(301,106,41800,78300,41700,56400,114000,147000),(302,205,45600,78200,36300,53800,109000,151000),(303,470,38000,77800,40400,53000,115000,169000),(304,213,43200,77700,43300,56200,107000,132000),(305,471,37500,76700,40000,54300,97700,155000),(306,472,43000,76500,47900,57400,117000,155000),(307,473,40800,76200,38400,54100,105000,136000),(308,474,46000,75300,39700,54800,105000,150000),(309,475,41600,74600,0,42800,147000,0),(310,476,42500,74400,0,56700,94900,0),(311,477,45700,74000,44000,53100,104000,150000),(312,184,42100,74000,48700,57800,95100,145000),(313,478,42400,72600,43300,56100,99600,151000),(314,479,42000,72300,39800,48500,102000,138000),(315,480,41200,72100,41700,55600,99300,141000),(316,481,38000,70300,35100,51200,100000,179000),(317,482,36900,69700,44000,57000,92000,128000),(318,483,37800,66200,32800,44200,93300,181000),(319,484,39400,63600,40400,47900,85700,117000),(320,485,43700,62600,35600,47300,99000,134000);
/*!40000 ALTER TABLE `salary_region` ENABLE KEYS */;
UNLOCK TABLES;

--
-- Table structure for table `state`
--

DROP TABLE IF EXISTS `state`;
/*!40101 SET @saved_cs_client     = @@character_set_client */;
 SET character_set_client = utf8mb4 ;
CREATE TABLE `state` (
  `state_id` int(11) NOT NULL AUTO_INCREMENT,
  `state_name` varchar(55) NOT NULL,
  `state_abbv` varchar(3) NOT NULL,
  PRIMARY KEY (`state_id`)
) ENGINE=InnoDB AUTO_INCREMENT=52 DEFAULT CHARSET=utf8mb4 COLLATE=utf8mb4_0900_ai_ci;
/*!40101 SET character_set_client = @saved_cs_client */;

--
-- Dumping data for table `state`
--

LOCK TABLES `state` WRITE;
/*!40000 ALTER TABLE `state` DISABLE KEYS */;
INSERT INTO `state` VALUES (1,'Alabama','AL'),(2,'Alaska','AK'),(3,'Arizona','AZ'),(4,'Arkansas','AR'),(5,'California','CA'),(6,'Colorado','CO'),(7,'Connecticut','CT'),(8,'Delaware','DE'),(9,'District of Columbia','DC'),(10,'Florida','FL'),(11,'Georgia','GA'),(12,'Hawaii','HI'),(13,'Idaho','ID'),(14,'Illinois','IL'),(15,'Indiana','IN'),(16,'Iowa','IA'),(17,'Kansas','KS'),(18,'Kentucky','KY'),(19,'Louisiana','LA'),(20,'Maine','ME'),(21,'Montana','MT'),(22,'Nebraska','NE'),(23,'Nevada','NV'),(24,'New Hampshire','NH'),(25,'New Jersey','NJ'),(26,'New Mexico','NM'),(27,'New York','NY'),(28,'North Carolina','NC'),(29,'North Dakota','ND'),(30,'Ohio','OH'),(31,'Oklahoma','OK'),(32,'Oregon','OR'),(33,'Maryland','MD'),(34,'Massachusetts','MA'),(35,'Michigan','MI'),(36,'Minnesota','MN'),(37,'Mississippi','MS'),(38,'Missouri','MO'),(39,'Pennsylvania','PA'),(40,'Rhode Island','RI'),(41,'South Carolina','SC'),(42,'South Dakota','SD'),(43,'Tennessee','TN'),(44,'Texas','TX'),(45,'Utah','UT'),(46,'Vermont','VT'),(47,'Virginia','VA'),(48,'Washington','WA'),(49,'West Virginia','WV'),(50,'Wisconsin','WI'),(51,'Wyoming','WY');
/*!40000 ALTER TABLE `state` ENABLE KEYS */;
UNLOCK TABLES;
/*!40103 SET TIME_ZONE=@OLD_TIME_ZONE */;

/*!40101 SET SQL_MODE=@OLD_SQL_MODE */;
/*!40014 SET FOREIGN_KEY_CHECKS=@OLD_FOREIGN_KEY_CHECKS */;
/*!40014 SET UNIQUE_CHECKS=@OLD_UNIQUE_CHECKS */;
/*!40101 SET CHARACTER_SET_CLIENT=@OLD_CHARACTER_SET_CLIENT */;
/*!40101 SET CHARACTER_SET_RESULTS=@OLD_CHARACTER_SET_RESULTS */;
/*!40101 SET COLLATION_CONNECTION=@OLD_COLLATION_CONNECTION */;
/*!40111 SET SQL_NOTES=@OLD_SQL_NOTES */;

-- Dump completed on 2018-10-31 20:31:51
